pic_number,delta_azimuth_gt,delta_elevation_gt,delta_azimuth_pred,delta_elevation_pred,error_az,error_el
1,-0.8499999999999996,-0.3499999999999996,0.4597800970077514,-0.1356771737337112,1.309780097007751,0.2143228262662884
2,-0.6500000000000004,0.1500000000000003,-0.2246963679790496,0.0767294242978096,0.4253036320209508,-0.0732705757021907
3,0.75,0.450000000000001,0.5431354641914368,-0.1681347489356994,-0.20686453580856323,-0.6181347489357004
4,-1.1999999999999993,0.2500000000000018,-0.1296337693929672,0.0440630689263343,1.070366230607032,-0.20593693107366748
5,0.8000000000000007,-0.8499999999999979,0.7535384297370911,-0.228506326675415,-0.046461570262909646,0.6214936733245828
6,0.7000000000000011,0.1500000000000021,0.6775733232498169,-0.2088680267333984,-0.02242667675018417,-0.3588680267334005
7,-1.299999999999999,0.4000000000000021,-0.3031609356403351,0.1037162169814109,0.9968390643596639,-0.29628378301859115
8,-0.5999999999999996,-0.2999999999999971,0.4777036905288696,-0.1414826363325119,1.0777036905288693,0.1585173636674852
9,-0.5500000000000007,-0.0999999999999978,0.0778837576508522,-0.0208719447255134,0.6278837576508529,0.0791280552744844
10,-0.3500000000000014,0.9000000000000021,-0.3638774752616882,0.1248032972216606,-0.013877475261686756,-0.7751967027783415
11,-1.2500000000000018,-0.0999999999999978,-0.1526821851730346,0.05262141674757,1.097317814826967,0.1526214167475678
12,0.9999999999999982,0.3500000000000014,0.6772955060005188,-0.2086327522993087,-0.3227044939994794,-0.5586327522993101
13,1.099999999999998,-0.8999999999999986,0.7847877740859985,-0.236365795135498,-0.31521222591399956,0.6636342048645005
14,1.099999999999998,0.1000000000000014,0.7444096207618713,-0.225579485297203,-0.35559037923812675,-0.3255794852972044
15,-0.6500000000000021,1.0500000000000007,-0.3529519140720367,0.1207116469740867,0.29704808592796544,-0.929288353025914
16,-0.0500000000000024,0.8500000000000014,-0.4071289002895355,0.1399235129356384,-0.35712890028953315,-0.710076487064363
17,0.4499999999999975,-0.1499999999999985,0.6231829524040222,-0.1890112161636352,0.1731829524040247,-0.0390112161636367
18,-0.4500000000000028,1.0500000000000007,-0.3259689807891845,0.1113582625985145,0.12403101921081827,-0.9386417374014862
19,-1.2500000000000036,0.6000000000000014,-0.3389036953449249,0.1161347106099128,0.9110963046550786,-0.4838652893900886
20,-0.1500000000000039,-0.6999999999999975,0.7741541266441345,-0.2331720292568206,0.9241541266441384,0.46682797074317695
21,-1.0500000000000045,-0.1999999999999975,0.080867201089859,-0.0203151479363441,1.1308672010898635,0.17968485206365342
22,-0.6500000000000039,0.5500000000000025,-0.4458692371845245,0.1531162559986114,0.20413076281547943,-0.3968837440013911
23,0.2499999999999964,0.2500000000000035,0.2964390814304352,-0.0915261805057525,0.04643908143043879,-0.341526180505756
24,-1.0500000000000045,1.0500000000000045,-0.3245116770267486,0.1108260974287986,0.7254883229732558,-0.9391739025712059
25,0.0499999999999953,0.350000000000005,-0.2445544898509979,0.0834832713007927,-0.2945544898509932,-0.2665167286992123
26,-3.552713678800501e-15,-0.1499999999999932,0.6946300268173218,-0.2098946124315261,0.6946300268173253,-0.059894612431532906
27,-1.6000000000000032,0.8500000000000068,-0.2955541014671325,0.100951500236988,1.3044458985328706,-0.7490484997630188
28,0.6499999999999968,0.4500000000000081,0.5218045711517334,-0.1614938527345657,-0.1281954288482634,-0.6114938527345738
29,-0.1000000000000032,1.0500000000000078,-0.3702118098735809,0.1268449425697326,-0.2702118098735777,-0.9231550574302751
30,-1.2000000000000028,-0.0499999999999918,-0.1507320255041122,0.0519390925765037,1.0492679744958906,0.1019390925764955
31,0.7499999999999982,0.7000000000000082,0.500941812992096,-0.1547866761684417,-0.24905818700790228,-0.8547866761684498
32,0.5999999999999979,1.0500000000000078,0.2156990468502044,-0.0660888254642486,-0.38430095314979346,-1.1160888254642565
33,-0.2500000000000018,0.3500000000000085,-0.3035053610801697,0.1037340685725212,-0.0535053610801679,-0.24626593142748732
34,0.7999999999999972,1.0500000000000096,0.5442072153091431,-0.1684920042753219,-0.2557927846908541,-1.2184920042753316
35,1.1499999999999968,-0.8499999999999908,0.7900837063789368,-0.2376750707626342,-0.35991629362106003,0.6123249292373566
36,0.4499999999999975,1.0000000000000089,0.0825047194957733,-0.0252230390906333,-0.3674952805042242,-1.0252230390906423
37,-0.9000000000000021,0.70000000000001,-0.4399384260177612,0.1512575447559356,0.46006157398224096,-0.5487424552440743
38,1.099999999999998,0.400000000000011,0.7123327255249023,-0.2174516916275024,-0.38766727447509575,-0.6174516916275135
39,1.1999999999999975,-0.4999999999999893,0.7924107313156128,-0.2381598949432373,-0.4075892686843847,0.261840105056752
40,-0.8000000000000025,-0.1499999999999897,0.145223394036293,-0.0396742299199104,0.9452233940362955,0.1103257700800793
41,0.2999999999999971,-0.5499999999999883,0.7927769422531128,-0.2381526529788971,0.4927769422531157,0.3118473470210912
42,0.5999999999999961,-0.8999999999999879,0.75577312707901,-0.2290930151939392,0.15577312707901392,0.6709069848060487
43,0.2499999999999964,-0.3999999999999879,0.6995711326599121,-0.2115296721458435,0.4495711326599157,0.18847032785414441
44,-0.8500000000000032,0.6000000000000121,-0.4288990795612335,0.1473113894462585,0.4211009204387697,-0.4526886105537536
45,0.3499999999999978,0.2500000000000142,0.3347901701927185,-0.1034398674964904,-0.015209829807279307,-0.3534398674965046
46,-1.3500000000000014,0.6500000000000146,-0.3583947122097015,0.122994415462017,0.9916052877902999,-0.5270055845379975
47,0.6499999999999986,0.4500000000000153,0.5619390606880188,-0.1740258932113647,-0.08806093931197978,-0.62402589321138
48,-1.3000000000000025,0.1500000000000163,-0.1574283987283706,0.0538655892014503,1.1425716012716318,-0.096134410798566
49,0.0499999999999971,-0.549999999999983,0.8023606538772583,-0.2400445342063903,0.7523606538772611,0.3099554657935927
50,-0.9000000000000021,0.5500000000000167,-0.4167837798595428,0.1428827047348022,0.48321622014045934,-0.4071172952652145
51,0.3499999999999978,0.1000000000000174,0.5007730722427368,-0.1554880440235138,0.150773072242739,-0.2554880440235312
52,-1.650000000000002,0.9000000000000181,-0.2931552827358246,0.1001456752419471,1.3568447172641773,-0.7998543247580711
53,-0.5000000000000018,-0.7999999999999812,0.7120357751846313,-0.2170721292495727,1.2120357751846331,0.5829278707504084
54,-0.6000000000000014,-0.0999999999999818,0.1693234294652938,-0.0479756630957126,0.7693234294652952,0.0520243369042692
55,1.3499999999999996,-0.7999999999999812,0.8172949552536011,-0.2443704307079315,-0.5327050447463986,0.5556295692920497
56,-1.1500000000000004,0.5000000000000195,-0.3424549996852875,0.1170550212264061,0.8075450003147129,-0.38294497877361344
57,-0.7000000000000011,0.3000000000000202,-0.36140176653862,0.1236801967024803,0.33859823346138107,-0.17631980329753988
58,-0.450000000000001,-0.6999999999999797,0.7677900195121765,-0.2313946485519409,1.2177900195121776,0.46860535144803883
59,-0.5500000000000007,0.4000000000000199,-0.4014013707637787,0.1376377046108245,0.14859862923622202,-0.2623622953891954
60,-1.4000000000000004,0.7000000000000188,-0.3266004920005798,0.1118688657879829,1.0733995079994205,-0.5881311342120359
61,-0.5,-0.2999999999999811,0.5022596120834351,-0.1489247679710388,1.002259612083435,0.15107523202894232
62,1.0,0.4000000000000181,0.6838080883026123,-0.2102720886468887,-0.3161919116973877,-0.6102720886469069
63,0.6500000000000004,0.2000000000000188,0.6834812760353088,-0.2103759348392486,0.03348127603530848,-0.4103759348392674
64,-1.5999999999999996,0.7000000000000188,-0.3356690108776092,0.1148451939225196,1.2643309891223904,-0.5851548060774993
65,-0.0999999999999996,1.1000000000000192,-0.3634905517101288,0.1244666948914527,-0.2634905517101292,-0.9755333051085665
66,-0.5999999999999996,-0.5999999999999801,0.7233856320381165,-0.2200387418270111,1.323385632038116,0.379961258172969
67,-0.3000000000000007,0.5500000000000203,-0.3951001167297363,0.135282427072525,-0.09510011672973556,-0.4147175729274952
68,0.6999999999999993,0.1500000000000216,0.6885383725166321,-0.2116276323795318,-0.01146162748336721,-0.3616276323795534
69,1.299999999999999,-0.649999999999979,0.7990299463272095,-0.2398523092269897,-0.5009700536727895,0.41014769077298935
70,-1.0500000000000007,0.2500000000000213,-0.18430857360363,0.0629349574446678,0.8656914263963706,-0.1870650425553535
71,-1.1500000000000004,0.7000000000000206,-0.3503790497779846,0.1201759800314903,0.7996209502220157,-0.5798240199685303
72,-0.4000000000000003,0.1000000000000209,-0.1211583465337753,0.0413049831986427,0.278841653466225,-0.0586950168013782
73,-0.5,0.600000000000021,-0.3934322893619537,0.1347382068634033,0.10656771063804632,-0.46526179313661764
74,-1.25,2.131628207280301e-14,-0.1234142631292343,0.0422336533665657,1.1265857368707657,0.04223365336654438
75,0.1500000000000003,-0.4999999999999787,0.8026240468025208,-0.2403342127799987,0.6526240468025204,0.25966578721998
76,0.1500000000000003,0.9000000000000217,-0.2746607661247253,0.0941787734627723,-0.4246607661247256,-0.8058212265372494
77,1.1500000000000004,0.050000000000022,0.7683888673782349,-0.2314789295196533,-0.3816111326217655,-0.2814789295196753
78,-0.9499999999999992,0.550000000000022,-0.4067447781562805,0.1394692659378051,0.5432552218437187,-0.41053073406221696
79,0.5000000000000018,0.1500000000000234,0.6087908148765564,-0.1891784518957138,0.10879081487655462,-0.3391784518957372
80,-1.2499999999999982,0.4000000000000234,-0.3175248801708221,0.1086932644248008,0.9324751198291761,-0.2913067355752226
81,0.6000000000000014,0.9000000000000234,0.3860613405704498,-0.1192647367715835,-0.21393865942955165,-1.019264736771607
82,-0.6499999999999986,0.4000000000000234,-0.3819558620452881,0.1307719349861145,0.2680441379547105,-0.2692280650139089
83,1.450000000000001,-0.5999999999999766,0.8444793820381165,-0.2510054111480713,-0.6055206179618846,0.34899458885190526
84,-1.049999999999999,0.4000000000000234,-0.3483981192111969,0.1192359253764152,0.701601880788802,-0.2807640746236082
85,0.1000000000000014,0.1000000000000245,-0.1217783987522125,0.0416273102164268,-0.2217783987522139,-0.0583726897835977
86,0.200000000000001,-0.3499999999999748,0.6932331323623657,-0.2094230055809021,0.4932331323623647,0.14057699441907268
87,0.3000000000000007,2.4868995751603507e-14,0.5162920355796814,-0.1600271314382553,0.21629203557968069,-0.16002713143828018
88,-0.4499999999999993,0.3500000000000245,-0.3804726898670196,0.1305651068687439,0.06952731013297969,-0.21943489313128062
89,0.75,0.1500000000000252,0.6947135329246521,-0.2131871879100799,-0.0552864670753479,-0.36318718791010507
90,1.0,-0.8499999999999748,0.7813614010810852,-0.2355390191078186,-0.2186385989189148,0.6144609808921562
91,-0.1499999999999985,-0.3999999999999755,0.7762120366096497,-0.2330949306488037,0.9262120366096481,0.16690506935117178
92,-1.3499999999999996,2.4868995751603507e-14,-0.1156413555145263,0.0392937287688255,1.2343586444854733,0.039293728768800634
93,-0.3499999999999996,0.6000000000000245,-0.3927497565746307,0.1344825029373169,-0.04274975657463109,-0.4655174970627076
94,0.5000000000000018,0.2000000000000241,0.5770521759986877,-0.1792996525764465,0.07705217599868597,-0.3792996525764706
95,0.9000000000000004,0.5500000000000238,0.6213191747665405,-0.1920819878578186,-0.27868082523345983,-0.7420819878578424
96,0.5,0.2000000000000241,0.5888894200325012,-0.1829597055912017,0.08888942003250122,-0.38295970559122583
97,-0.5,1.2000000000000242,-0.2960351705551147,0.1010488495230674,0.2039648294448853,-1.0989511504769567
98,-0.0999999999999996,0.7000000000000242,-0.4117793142795563,0.1416219174861908,-0.3117793142795567,-0.5583780825138334
99,-0.7999999999999989,-0.1499999999999755,0.136292353272438,-0.037273034453392,0.936292353272437,0.11272696554658349
100,0.7500000000000018,-0.8999999999999755,0.7531328201293945,-0.2283998429775238,0.003132820129392755,0.6716001570224517
